cdr_id,calling_number,called_number,duration_sec,call_type,timestamp,tower_id,imei,imsi,fraud_score,risk_level
CDR100001,+919835626034,+919740516355,16,VOIP_SPOOFED,2026-09-19T06:00:00Z,DELHI_4011,3537025831776028,404943515157478,0.91,CRITICAL
CDR100002,+919824211830,+919720760789,5,OUTGOING,2026-09-19T06:07:13Z,DELHI_4011,3513385316654239,404954202098429,0.97,CRITICAL
CDR100003,+919842372268,+919714190767,22,VOIP_SPOOFED,2026-09-19T06:14:26Z,JAMTARA_9011,3526305677564715,404926431791691,0.97,CRITICAL
CDR100004,+919817140344,+919798300378,6,SMS,2026-09-19T06:21:39Z,NOIDA_6604,3524832940042681,404963466549166,0.98,CRITICAL
CDR100005,+919847076296,+919778199671,20,OUTGOING,2026-09-19T06:28:52Z,MUMBAI_2207,3597071369594726,404986837352962,0.95,CRITICAL
CDR100006,+919859127293,+919787216811,20,VOIP_SPOOFED,2026-09-19T06:35:05Z,KOLKATA_5510,3529771714554904,404928370080453,0.92,CRITICAL
CDR100007,+919849872108,+919777005125,20,SMS,2026-09-19T06:42:18Z,NOIDA_6604,3551160426327592,404992397792461,0.92,CRITICAL
CDR100008,+919875207228,+919750166524,17,VOIP_SPOOFED,2026-09-19T06:49:31Z,KOLKATA_5510,3563820599022371,404985956088626,0.96,CRITICAL
CDR100009,+919864896603,+919789796605,2,SMS,2026-09-19T06:56:44Z,HYD_3120,3542237711497972,404995688918708,0.90,CRITICAL
CDR100010,+919893850628,+919797816611,2,INCOMING,2026-09-19T06:03:57Z,KOLKATA_5510,3522994998104029,404945992225312,0.95,CRITICAL
CDR100011,+919872863423,+919771122248,8,VOIP_SPOOFED,2026-09-19T06:10:10Z,DELHI_4011,3584282097458435,404951767428976,0.93,CRITICAL
CDR100012,+919863182829,+919710210469,19,OUTGOING,2026-09-19T06:17:23Z,BHARATPUR_7733,3533857326141315,404971086298669,0.97,CRITICAL
CDR100013,+919854463854,+919786292417,28,INCOMING,2026-09-19T06:24:36Z,HYD_3120,3563917537120908,404946469103753,0.95,CRITICAL
CDR100014,+919823741717,+919782536732,20,INCOMING,2026-09-19T06:31:49Z,KOLKATA_5510,3518383798737933,404916745074314,0.91,CRITICAL
CDR100015,+919898095992,+919785855363,23,VOIP_SPOOFED,2026-09-19T06:38:02Z,NOIDA_6604,3528289404749934,404957016079349,0.93,CRITICAL
CDR100016,+919818137697,+919799288892,17,INCOMING,2026-09-19T06:45:15Z,HYD_3120,3570436602857887,404943576948252,0.93,CRITICAL
CDR100017,+919843958223,+919752526764,27,INCOMING,2026-09-19T06:52:28Z,BHARATPUR_7733,3554782110243621,404933527018616,0.96,CRITICAL
CDR100018,+919821489040,+919769466285,26,VOIP_SPOOFED,2026-09-19T06:59:41Z,KOLKATA_5510,3580246336453844,404937604045074,0.91,CRITICAL
CDR100019,+919841268204,+919772070347,20,VOIP_SPOOFED,2026-09-19T06:06:54Z,NOIDA_6604,3568244354483733,404952351877158,0.92,CRITICAL
CDR100020,+919885403728,+919738747513,6,OUTGOING,2026-09-19T06:13:07Z,KOLKATA_5510,3526530601301779,404954584235894,0.97,CRITICAL
CDR100021,+919848192164,+919713521724,17,OUTGOING,2026-09-19T06:20:20Z,JAMTARA_9011,3599370089488260,404966138491246,0.95,CRITICAL
CDR100022,+919874315939,+919782818159,12,OUTGOING,2026-09-19T06:27:33Z,KOLKATA_5510,3562847301173461,404937638747046,1.00,CRITICAL
CDR100023,+919865809609,+919730570225,22,INCOMING,2026-09-19T06:34:46Z,NOIDA_6604,3586315567156180,404940542775748,0.91,CRITICAL
CDR100024,+919833369088,+919753162391,11,SMS,2026-09-19T06:41:59Z,JAMTARA_9011,3534477236372262,404929255036784,0.90,CRITICAL
CDR100025,+919859886635,+919734789088,16,SMS,2026-09-19T06:48:12Z,NOIDA_6604,3521433339741906,404955674703940,0.98,CRITICAL
CDR100026,+919868975669,+919720795995,3,VOIP_SPOOFED,2026-09-19T06:55:25Z,JAMTARA_9011,3544873621960355,404984666148265,0.97,CRITICAL
CDR100027,+919841194251,+919788431357,21,OUTGOING,2026-09-19T06:02:38Z,JAMTARA_9011,3533373400800911,404973840645108,0.92,CRITICAL
CDR100028,+919821102266,+919742627325,15,VOIP_SPOOFED,2026-09-19T06:09:51Z,JAMTARA_9011,3556370127532486,404925687036643,0.97,CRITICAL
CDR100029,+919887558241,+919743003193,18,OUTGOING,2026-09-19T06:16:04Z,KOLKATA_5510,3546176509800097,404935439545231,0.98,CRITICAL
CDR100030,+919860030214,+919740122636,3,VOIP_SPOOFED,2026-09-19T06:23:17Z,BHARATPUR_7733,3554895354875498,404940083827490,0.97,CRITICAL
CDR100031,+919838565741,+919776618422,18,INCOMING,2026-09-19T06:30:30Z,NOIDA_6604,3550627371254576,404929033765435,0.96,CRITICAL
CDR100032,+919895237217,+919728138716,22,INCOMING,2026-09-19T06:37:43Z,BHARATPUR_7733,3581621821867570,404915830442155,0.97,CRITICAL
CDR100033,+919879859616,+919734519064,2,OUTGOING,2026-09-19T06:44:56Z,MUMBAI_2207,3593951073869784,404957447148168,0.97,CRITICAL
CDR100034,+919896302207,+919718072959,12,OUTGOING,2026-09-19T06:51:09Z,MUMBAI_2207,3554098331495813,404979053597254,0.95,CRITICAL
CDR100035,+919899897399,+919784848209,22,VOIP_SPOOFED,2026-09-19T06:58:22Z,MUMBAI_2207,3579013351269347,404946301141074,0.91,CRITICAL
CDR100036,+919823869930,+919747437773,19,VOIP_SPOOFED,2026-09-19T06:05:35Z,HYD_3120,3594209543985474,404966425270415,0.93,CRITICAL
CDR100037,+919848282232,+919773449100,18,OUTGOING,2026-09-19T06:12:48Z,JAMTARA_9011,3588697017734338,404945980961717,0.92,CRITICAL
CDR100038,+919825226638,+919761202994,22,OUTGOING,2026-09-19T06:19:01Z,NOIDA_6604,3523340102704877,404958381709900,0.98,CRITICAL
CDR100039,+919822943292,+919734894542,5,OUTGOING,2026-09-19T06:26:14Z,HYD_3120,3514514684970637,404946633192050,0.92,CRITICAL
CDR100040,+919876392616,+919771200198,28,INCOMING,2026-09-19T06:33:27Z,KOLKATA_5510,3581010699794799,404917066010665,0.95,CRITICAL
CDR100041,+919844205487,+919751714476,17,OUTGOING,2026-09-19T07:40:40Z,NOIDA_6604,3595445009024647,404915867771814,0.92,CRITICAL
CDR100042,+919863771929,+919781469016,8,OUTGOING,2026-09-19T07:47:53Z,MUMBAI_2207,3585170764935268,404965236991094,0.96,CRITICAL
CDR100043,+919886245212,+919795808862,8,VOIP_SPOOFED,2026-09-19T07:54:06Z,MUMBAI_2207,3584704080308908,404953424549912,0.97,CRITICAL
CDR100044,+919873540102,+919761458962,20,OUTGOING,2026-09-19T07:01:19Z,MUMBAI_2207,3538423784254633,404956231095445,0.99,CRITICAL
CDR100045,+919872307999,+919750454203,3,OUTGOING,2026-09-19T07:08:32Z,NOIDA_6604,3592345526726211,404947581690519,0.91,CRITICAL
CDR100046,+919848145858,+919768419600,16,INCOMING,2026-09-19T07:15:45Z,KOLKATA_5510,3584400172142743,404912565467443,0.94,CRITICAL
CDR100047,+919882544667,+919788594348,21,VOIP_SPOOFED,2026-09-19T07:22:58Z,MUMBAI_2207,3566329290299048,404946965173478,0.99,CRITICAL
CDR100048,+919875100053,+919712964093,19,OUTGOING,2026-09-19T07:29:11Z,MUMBAI_2207,3534509580504376,404921800051086,0.93,CRITICAL
CDR100049,+919886681618,+919749981232,3,OUTGOING,2026-09-19T07:36:24Z,DELHI_4011,3595742318350926,404922710228111,0.95,CRITICAL
CDR100050,+919830856296,+919759699262,14,SMS,2026-09-19T07:43:37Z,DELHI_4011,3526755298511328,404969073250671,0.94,CRITICAL
CDR100051,+919870131417,+919718722639,16,SMS,2026-09-19T07:50:50Z,KOLKATA_5510,3584927243853096,404911295944415,0.92,CRITICAL
CDR100052,+919859793193,+919747337273,24,OUTGOING,2026-09-19T07:57:03Z,HYD_3120,3538418803886279,404965360168933,0.98,CRITICAL
CDR100053,+919842107791,+919785433216,4,VOIP_SPOOFED,2026-09-19T07:04:16Z,KOLKATA_5510,3519233010784589,404961064602061,0.95,CRITICAL
CDR100054,+919826363600,+919711176013,21,INCOMING,2026-09-19T07:11:29Z,NOIDA_6604,3568877528418670,404956277317991,0.95,CRITICAL
CDR100055,+919889201142,+919738745468,28,SMS,2026-09-19T07:18:42Z,KOLKATA_5510,3594279144685522,404994421976977,0.92,CRITICAL
CDR100056,+919855991613,+919724846082,12,OUTGOING,2026-09-19T07:25:55Z,HYD_3120,3590823942800337,404990059062503,0.95,CRITICAL
CDR100057,+919817002545,+919749358527,23,OUTGOING,2026-09-19T07:32:08Z,MUMBAI_2207,3553923527564083,404990065495959,0.92,CRITICAL
CDR100058,+919826492945,+919728476492,12,INCOMING,2026-09-19T07:39:21Z,MUMBAI_2207,3557040700270070,404979166345060,0.98,CRITICAL
CDR100059,+919896220456,+919729659839,13,SMS,2026-09-19T07:46:34Z,KOLKATA_5510,3581156165733042,404966918531301,0.94,CRITICAL
CDR100060,+919826768365,+919774213923,15,INCOMING,2026-09-19T07:53:47Z,MUMBAI_2207,3542549325795856,404990280898423,0.96,CRITICAL
CDR100061,+919868932434,+919730675493,19,INCOMING,2026-09-19T07:00:00Z,NOIDA_6604,3532360517242469,404959200228774,0.94,CRITICAL
CDR100062,+919864127135,+919712079859,19,SMS,2026-09-19T07:07:13Z,JAMTARA_9011,3544625891381931,404967453360743,0.96,CRITICAL
CDR100063,+919851139936,+919755245958,4,VOIP_SPOOFED,2026-09-19T07:14:26Z,DELHI_4011,3582433277561459,404951431802326,0.97,CRITICAL
CDR100064,+919844089943,+919796683095,20,SMS,2026-09-19T07:21:39Z,DELHI_4011,3513841070988855,404999964571387,0.97,CRITICAL
CDR100065,+919812895282,+919745435416,19,SMS,2026-09-19T07:28:52Z,MUMBAI_2207,3599922100856001,404998385900190,0.93,CRITICAL
CDR100066,+919843182400,+919761962860,6,VOIP_SPOOFED,2026-09-19T07:35:05Z,MUMBAI_2207,3516571762265456,404967434603508,0.97,CRITICAL
CDR100067,+919815581151,+919713053676,19,VOIP_SPOOFED,2026-09-19T07:42:18Z,HYD_3120,3588840101538014,404923300120435,0.92,CRITICAL
CDR100068,+919820807137,+919788630607,18,VOIP_SPOOFED,2026-09-19T07:49:31Z,HYD_3120,3510188433137792,404970564752701,0.94,CRITICAL
CDR100069,+919859649634,+919731843337,17,VOIP_SPOOFED,2026-09-19T07:56:44Z,BHARATPUR_7733,3582215576163688,404933242448334,0.99,CRITICAL
CDR100070,+919873419327,+919783803138,24,OUTGOING,2026-09-19T07:03:57Z,NOIDA_6604,3510616339092505,404927107088382,0.98,CRITICAL
CDR100071,+919892564929,+919746999872,12,OUTGOING,2026-09-19T07:10:10Z,HYD_3120,3585306730027954,404921170657510,0.93,CRITICAL
CDR100072,+919892132336,+919725897419,22,VOIP_SPOOFED,2026-09-19T07:17:23Z,JAMTARA_9011,3586425167450257,404972992046388,0.95,CRITICAL
CDR100073,+919818017292,+919761547672,21,OUTGOING,2026-09-19T07:24:36Z,KOLKATA_5510,3566337656105738,404926762360353,0.93,CRITICAL
CDR100074,+919887441643,+919745216374,3,VOIP_SPOOFED,2026-09-19T07:31:49Z,HYD_3120,3510522237774793,404918635118478,0.91,CRITICAL
CDR100075,+919879510212,+919733782660,5,SMS,2026-09-19T07:38:02Z,DELHI_4011,3570566610213205,404933050980164,0.93,CRITICAL
CDR100076,+919830175269,+919776530663,4,SMS,2026-09-19T07:45:15Z,BHARATPUR_7733,3572542714335291,404938961873378,0.91,CRITICAL
CDR100077,+919816576533,+919746296624,15,VOIP_SPOOFED,2026-09-19T07:52:28Z,DELHI_4011,3569313372365567,404966438889629,0.99,CRITICAL
CDR100078,+919827473606,+919729486552,10,VOIP_SPOOFED,2026-09-19T07:59:41Z,BHARATPUR_7733,3560194018150533,404962481073895,1.00,CRITICAL
CDR100079,+919881653790,+919713433303,20,SMS,2026-09-19T07:06:54Z,HYD_3120,3562949847776571,404985062197828,0.94,CRITICAL
CDR100080,+919862666790,+919778976300,13,INCOMING,2026-09-19T07:13:07Z,HYD_3120,3562917687285661,404914814583767,0.94,CRITICAL
CDR100081,+919868485929,+919766626325,15,SMS,2026-09-19T08:20:20Z,NOIDA_6604,3523423815290565,404945162282781,0.97,CRITICAL
CDR100082,+919866449115,+919794772933,9,VOIP_SPOOFED,2026-09-19T08:27:33Z,DELHI_4011,3548898102924084,404975860485793,0.93,CRITICAL
CDR100083,+919879992987,+919769815568,4,VOIP_SPOOFED,2026-09-19T08:34:46Z,NOIDA_6604,3531840391957747,404992298845056,0.98,CRITICAL
CDR100084,+919856690601,+919724919611,21,INCOMING,2026-09-19T08:41:59Z,BHARATPUR_7733,3527274126132230,404934657763951,0.99,CRITICAL
CDR100085,+919893241037,+919722792397,7,VOIP_SPOOFED,2026-09-19T08:48:12Z,DELHI_4011,3544282058033346,404995681421608,0.99,CRITICAL
CDR100086,+919837567038,+919732640189,5,INCOMING,2026-09-19T08:55:25Z,NOIDA_6604,3596828588137049,404961067648015,0.96,CRITICAL
CDR100087,+919881996478,+919775133194,18,OUTGOING,2026-09-19T08:02:38Z,HYD_3120,3569751239565421,404971669173485,0.94,CRITICAL
CDR100088,+919829978023,+919776023955,24,INCOMING,2026-09-19T08:09:51Z,HYD_3120,3556796154611570,404973765398221,0.94,CRITICAL
CDR100089,+919850463121,+919781493873,4,INCOMING,2026-09-19T08:16:04Z,JAMTARA_9011,3515762095154726,404930430628772,0.99,CRITICAL
CDR100090,+919888741784,+919758230135,13,SMS,2026-09-19T08:23:17Z,HYD_3120,3564736701281575,404976397627286,0.99,CRITICAL
CDR100091,+919872758536,+919735525431,28,INCOMING,2026-09-19T08:30:30Z,JAMTARA_9011,3531357076754421,404925202498567,0.96,CRITICAL
CDR100092,+919856968474,+919735346884,26,SMS,2026-09-19T08:37:43Z,HYD_3120,3531674214756135,404923412261279,0.96,CRITICAL
CDR100093,+919821273215,+919742243030,14,SMS,2026-09-19T08:44:56Z,BHARATPUR_7733,3513396519494610,404991170231395,0.92,CRITICAL
CDR100094,+919844898044,+919788305850,19,SMS,2026-09-19T08:51:09Z,JAMTARA_9011,3570918695245350,404941824535401,0.97,CRITICAL
CDR100095,+919851673362,+919791806624,10,VOIP_SPOOFED,2026-09-19T08:58:22Z,DELHI_4011,3598306681590439,404925148622362,0.91,CRITICAL
CDR100096,+919885413450,+919734004641,7,VOIP_SPOOFED,2026-09-19T08:05:35Z,NOIDA_6604,3531711760094533,404984346071377,0.98,CRITICAL
CDR100097,+919818505468,+919770690849,19,OUTGOING,2026-09-19T08:12:48Z,NOIDA_6604,3578436867499108,404920689985728,0.99,CRITICAL
CDR100098,+919877937172,+919743822867,23,VOIP_SPOOFED,2026-09-19T08:19:01Z,KOLKATA_5510,3542667501014106,404943135739378,1.00,CRITICAL
CDR100099,+919863842222,+919752013061,2,OUTGOING,2026-09-19T08:26:14Z,DELHI_4011,3552476870137890,404926063059625,0.98,CRITICAL
CDR100100,+919897656723,+919744192341,7,VOIP_SPOOFED,2026-09-19T08:33:27Z,KOLKATA_5510,3559774043556029,404922614876542,0.99,CRITICAL
CDR100101,+919888273201,+919792561481,22,OUTGOING,2026-09-19T08:40:40Z,HYD_3120,3564853150528123,404987733834157,0.94,CRITICAL
CDR100102,+919828776723,+919796177988,17,INCOMING,2026-09-19T08:47:53Z,NOIDA_6604,3547759879607710,404938168620429,0.97,CRITICAL
CDR100103,+919843735892,+919712080753,17,INCOMING,2026-09-19T08:54:06Z,MUMBAI_2207,3573823778017397,404978422743790,0.96,CRITICAL
CDR100104,+919853095661,+919721825883,8,SMS,2026-09-19T08:01:19Z,KOLKATA_5510,3583356837110912,404983558481707,0.98,CRITICAL
CDR100105,+919856433762,+919719537907,28,VOIP_SPOOFED,2026-09-19T08:08:32Z,KOLKATA_5510,3536716689946745,404980850779837,0.92,CRITICAL
CDR100106,+919828174382,+919716396256,11,VOIP_SPOOFED,2026-09-19T08:15:45Z,MUMBAI_2207,3538746273229029,404973889834283,0.97,CRITICAL
CDR100107,+919840003672,+919765062239,9,VOIP_SPOOFED,2026-09-19T08:22:58Z,JAMTARA_9011,3522002019026462,404949285505585,0.91,CRITICAL
CDR100108,+919859063025,+919722360145,26,VOIP_SPOOFED,2026-09-19T08:29:11Z,KOLKATA_5510,3567787650449959,404984376285449,0.95,CRITICAL
CDR100109,+919848801757,+919772617532,14,INCOMING,2026-09-19T08:36:24Z,HYD_3120,3575585193565349,404915280086269,0.94,CRITICAL
CDR100110,+919827629779,+919797128532,8,INCOMING,2026-09-19T08:43:37Z,BHARATPUR_7733,3515976323750528,404979299357347,0.92,CRITICAL
CDR100111,+919861895539,+919794231470,5,OUTGOING,2026-09-19T08:50:50Z,DELHI_4011,3595583496800895,404915040496517,0.97,CRITICAL
CDR100112,+919894194409,+919737952319,8,SMS,2026-09-19T08:57:03Z,KOLKATA_5510,3553712619647474,404919275447876,0.99,CRITICAL
CDR100113,+919815269475,+919716597749,10,OUTGOING,2026-09-19T08:04:16Z,HYD_3120,3548316444321186,404914286982281,0.96,CRITICAL
CDR100114,+919881377383,+919742823390,14,SMS,2026-09-19T08:11:29Z,MUMBAI_2207,3512605894635057,404911410972967,0.90,CRITICAL
CDR100115,+919848626861,+919795862438,8,OUTGOING,2026-09-19T08:18:42Z,MUMBAI_2207,3575000464023215,404962727986618,0.92,CRITICAL
CDR100116,+919830242522,+919780830752,19,SMS,2026-09-19T08:25:55Z,DELHI_4011,3568411001994151,404920263398163,0.95,CRITICAL
CDR100117,+919879042123,+919723035614,15,VOIP_SPOOFED,2026-09-19T08:32:08Z,HYD_3120,3572191895364969,404922884687648,0.95,CRITICAL
CDR100118,+919837425115,+919735606958,23,SMS,2026-09-19T08:39:21Z,HYD_3120,3513701330544319,404973404250598,0.96,CRITICAL
CDR100119,+919814656537,+919781926529,16,OUTGOING,2026-09-19T08:46:34Z,NOIDA_6604,3554234284782640,404992193139519,0.95,CRITICAL
CDR100120,+919898181660,+919744213720,27,SMS,2026-09-19T08:53:47Z,DELHI_4011,3583784131674044,404956897260209,0.97,CRITICAL
