duration_sec,call_type,hour,calls_per_number,unique_called_numbers,unique_towers,repeated_call_count,time_gap_seconds,fraud_label
7,VOIP_SPOOFED,11,14,7,1,4,88,1
2,VOIP_SPOOFED,1,18,5,3,5,137,1
15,INCOMING,1,13,6,5,7,125,1
10,VOIP_SPOOFED,2,24,5,3,2,206,1
2,VOIP_SPOOFED,0,14,2,3,4,246,1
123,OUTGOING,7,5,2,1,2,1554,0
180,OUTGOING,10,3,1,2,1,1793,0
234,VOIP_SPOOFED,4,8,3,1,0,2143,0
101,SMS,7,1,3,1,0,3023,0
161,OUTGOING,8,3,3,2,0,1662,0
7,VOIP_SPOOFED,4,17,7,3,9,105,1
220,OUTGOING,9,2,3,1,1,1415,0
15,INCOMING,1,10,8,3,4,5,1
277,OUTGOING,18,1,2,1,1,2096,0
24,SMS,0,14,10,4,1,96,1
246,SMS,17,5,4,1,0,1443,0
316,OUTGOING,7,5,4,2,2,550,0
118,INCOMING,17,3,2,1,0,2106,0
3,INCOMING,11,18,13,2,4,5,1
12,OUTGOING,1,13,10,4,4,67,1
71,INCOMING,4,5,4,2,2,1828,0
9,INCOMING,10,19,7,5,3,133,1
131,VOIP_SPOOFED,19,5,1,1,0,1536,0
126,SMS,7,1,3,2,0,964,0
175,OUTGOING,19,3,2,1,1,2426,0
3,VOIP_SPOOFED,6,10,10,2,4,30,1
8,INCOMING,0,14,7,3,4,110,1
56,OUTGOING,19,3,1,1,0,2587,0
26,OUTGOING,7,17,12,3,3,67,1
10,VOIP_SPOOFED,1,9,6,4,3,176,1
7,VOIP_SPOOFED,6,18,11,4,3,210,1
7,INCOMING,21,20,11,4,5,113,1
306,INCOMING,11,5,3,1,0,721,0
5,VOIP_SPOOFED,1,16,10,4,7,55,1
7,OUTGOING,0,15,9,2,8,134,1
9,INCOMING,4,5,6,2,2,205,1
158,OUTGOING,14,4,2,1,0,1698,0
4,VOIP_SPOOFED,1,11,8,1,5,319,1
9,VOIP_SPOOFED,15,20,9,4,7,44,1
207,INCOMING,0,2,1,1,1,2059,0
9,OUTGOING,22,17,10,3,3,207,1
179,SMS,23,1,3,1,1,1384,0
196,OUTGOING,11,5,3,1,1,478,0
328,OUTGOING,12,6,5,1,0,1613,0
248,INCOMING,3,5,4,1,1,2669,0
153,OUTGOING,12,2,2,1,0,1035,0
121,OUTGOING,10,5,1,1,0,1871,0
9,OUTGOING,1,18,12,3,4,54,1
1,INCOMING,15,2,2,1,2,2067,0
16,VOIP_SPOOFED,4,13,9,3,5,107,1
362,OUTGOING,23,6,2,1,1,1943,0
234,VOIP_SPOOFED,14,3,3,1,1,1539,0
22,OUTGOING,1,19,8,4,1,5,1
12,OUTGOING,14,12,7,3,6,24,1
10,SMS,3,24,5,1,11,100,1
171,OUTGOING,18,2,3,2,0,2306,0
247,OUTGOING,22,2,1,1,0,1971,0
3,OUTGOING,1,19,7,1,7,27,1
9,VOIP_SPOOFED,18,20,7,4,7,51,1
148,INCOMING,14,1,3,1,1,1506,0
105,OUTGOING,19,7,3,1,1,1534,0
17,VOIP_SPOOFED,0,5,9,4,5,50,1
121,INCOMING,9,2,2,1,1,1958,0
8,SMS,4,13,11,3,4,282,1
3,VOIP_SPOOFED,2,3,7,4,4,231,1
19,VOIP_SPOOFED,3,19,6,3,4,75,1
5,VOIP_SPOOFED,0,11,15,2,7,119,1
193,SMS,16,5,2,2,1,766,0
199,SMS,8,4,3,1,1,2436,0
214,SMS,8,7,2,1,1,1769,0
222,OUTGOING,13,2,2,1,0,2293,0
166,SMS,6,3,3,1,1,247,0
9,VOIP_SPOOFED,4,14,9,4,4,127,1
1,INCOMING,10,5,3,2,1,1641,0
18,VOIP_SPOOFED,13,9,7,4,5,275,1
105,INCOMING,23,6,3,2,1,1994,0
93,INCOMING,19,1,1,1,0,899,0
12,OUTGOING,5,10,6,2,2,77,1
155,OUTGOING,22,2,1,1,2,1605,0
12,OUTGOING,16,16,14,5,3,214,1
5,OUTGOING,8,18,12,3,6,175,1
13,OUTGOING,11,10,8,4,5,90,1
65,OUTGOING,17,6,1,1,2,2137,0
306,INCOMING,8,7,1,1,1,559,0
13,SMS,14,13,7,4,4,175,1
16,OUTGOING,17,10,7,2,5,263,1
7,VOIP_SPOOFED,15,22,3,2,6,244,1
104,OUTGOING,9,5,2,1,0,2397,0
222,OUTGOING,17,6,2,1,1,1823,0
16,VOIP_SPOOFED,16,10,10,4,2,5,1
14,OUTGOING,1,10,9,2,6,197,1
101,INCOMING,14,5,2,2,3,1816,0
3,VOIP_SPOOFED,12,17,8,5,6,244,1
162,SMS,14,2,3,1,0,63,0
287,INCOMING,6,4,1,1,0,2894,0
95,OUTGOING,10,1,1,1,2,2968,0
18,OUTGOING,23,24,3,4,5,129,1
214,OUTGOING,14,3,4,2,0,1725,0
264,INCOMING,14,3,3,1,1,1767,0
7,SMS,17,5,5,2,5,5,1
5,OUTGOING,2,16,13,2,2,143,1
97,SMS,2,1,2,2,2,1663,0
12,VOIP_SPOOFED,1,13,12,3,4,204,1
17,OUTGOING,7,5,6,5,1,358,1
162,OUTGOING,8,4,2,2,0,2037,0
245,OUTGOING,8,3,4,1,2,1065,0
117,OUTGOING,9,1,3,1,1,2041,0
3,VOIP_SPOOFED,4,12,12,2,2,143,1
370,OUTGOING,6,1,3,2,0,1185,0
170,SMS,8,1,3,1,0,2222,0
132,OUTGOING,14,4,4,1,2,1570,0
269,SMS,13,5,3,1,1,492,0
103,INCOMING,21,3,2,1,0,2227,0
10,VOIP_SPOOFED,4,11,8,4,6,5,1
66,INCOMING,16,2,2,1,0,2526,0
5,SMS,12,16,3,3,5,207,1
17,INCOMING,1,9,8,3,4,118,1
242,INCOMING,12,4,2,1,2,1520,0
144,INCOMING,19,3,4,1,0,1236,0
21,INCOMING,6,4,2,1,1,2033,0
164,SMS,11,5,2,1,0,2560,0
14,VOIP_SPOOFED,0,5,8,3,8,213,1
325,OUTGOING,18,3,5,1,0,842,0
142,OUTGOING,15,6,2,2,1,2131,0
200,SMS,21,4,5,1,2,847,0
66,OUTGOING,10,4,2,2,1,1273,0
246,OUTGOING,6,8,2,2,0,1595,0
266,VOIP_SPOOFED,16,3,3,1,1,1374,0
5,VOIP_SPOOFED,2,14,4,1,4,202,1
9,INCOMING,9,18,10,1,7,127,1
1,OUTGOING,7,2,3,2,1,2717,0
18,SMS,18,19,1,4,5,72,1
6,SMS,4,7,10,3,3,122,1
127,OUTGOING,4,4,3,1,1,2830,0
143,INCOMING,18,1,4,2,0,2082,0
121,OUTGOING,7,1,2,1,1,1264,0
14,VOIP_SPOOFED,5,15,9,4,3,56,1
147,OUTGOING,14,6,4,1,2,2448,0
229,OUTGOING,21,2,3,1,1,647,0
7,VOIP_SPOOFED,22,13,11,1,5,16,1
211,OUTGOING,8,6,1,1,2,1582,0
6,VOIP_SPOOFED,15,11,4,3,3,215,1
98,OUTGOING,7,1,3,1,1,1318,0
16,VOIP_SPOOFED,23,16,9,3,2,127,1
5,VOIP_SPOOFED,5,16,10,2,5,224,1
12,VOIP_SPOOFED,13,13,10,4,4,82,1
5,INCOMING,16,12,18,2,5,419,1
61,OUTGOING,22,4,2,2,1,2262,0
274,SMS,21,5,2,1,2,2447,0
10,OUTGOING,0,16,5,3,3,330,1
4,VOIP_SPOOFED,5,13,7,2,7,152,1
225,INCOMING,13,7,2,2,0,383,0
12,VOIP_SPOOFED,3,22,4,1,6,237,1
14,VOIP_SPOOFED,4,17,5,5,1,122,1
149,OUTGOING,12,1,4,2,2,1731,0
225,INCOMING,8,1,2,2,0,616,0
125,OUTGOING,8,2,2,1,2,337,0
130,SMS,15,2,1,2,1,566,0
1,INCOMING,8,12,9,4,1,60,1
13,VOIP_SPOOFED,13,17,8,1,3,221,1
152,INCOMING,23,1,3,2,0,1036,0
241,OUTGOING,20,1,4,2,1,3002,0
15,VOIP_SPOOFED,11,7,5,1,6,89,1
122,SMS,20,4,3,1,0,1809,0
5,VOIP_SPOOFED,0,5,10,4,4,143,1
12,VOIP_SPOOFED,13,13,5,4,6,166,1
169,OUTGOING,8,5,3,1,2,1414,0
12,OUTGOING,3,17,8,1,8,159,1
290,OUTGOING,2,3,1,1,0,1511,0
153,SMS,18,1,1,1,0,1892,0
188,INCOMING,7,3,3,1,1,627,0
1,INCOMING,7,5,4,1,1,1842,0
68,INCOMING,12,4,2,1,1,2894,0
10,VOIP_SPOOFED,0,13,13,5,3,53,1
13,VOIP_SPOOFED,0,6,6,3,2,80,1
18,OUTGOING,21,10,6,5,4,316,1
19,SMS,6,16,13,3,5,86,1
180,SMS,7,3,3,1,0,2239,0
239,VOIP_SPOOFED,14,5,2,2,0,1592,0
14,VOIP_SPOOFED,3,13,4,4,9,103,1
7,VOIP_SPOOFED,7,14,8,5,7,17,1
101,INCOMING,20,2,3,1,0,3272,0
77,OUTGOING,7,3,2,1,1,2363,0
8,VOIP_SPOOFED,6,13,8,5,5,176,1
7,VOIP_SPOOFED,7,9,12,2,6,263,1
183,INCOMING,9,5,3,2,1,1237,0
79,INCOMING,9,2,3,2,0,2607,0
155,SMS,9,3,4,1,0,1685,0
282,INCOMING,7,5,3,1,0,943,0
3,OUTGOING,22,20,11,4,5,172,1
6,VOIP_SPOOFED,4,17,7,3,3,194,1
195,SMS,17,1,3,2,1,2431,0
258,OUTGOING,16,4,2,1,0,1504,0
9,VOIP_SPOOFED,4,17,4,5,7,257,1
12,VOIP_SPOOFED,5,4,9,6,8,178,1
9,OUTGOING,14,16,7,3,2,285,1
5,VOIP_SPOOFED,11,15,16,2,3,124,1
179,OUTGOING,22,1,2,1,0,1871,0
299,OUTGOING,15,2,4,1,1,1633,0
120,OUTGOING,7,4,3,2,1,922,0
13,VOIP_SPOOFED,3,24,6,4,5,185,1
324,OUTGOING,14,3,3,1,0,2802,0
222,SMS,0,1,2,1,1,1631,0
271,SMS,13,4,2,1,0,1881,0
10,VOIP_SPOOFED,8,21,11,3,1,7,1
13,SMS,2,10,14,1,7,185,1
23,OUTGOING,18,3,3,1,0,1709,0
3,VOIP_SPOOFED,23,12,12,4,6,224,1
8,VOIP_SPOOFED,14,19,16,3,6,5,1
170,SMS,6,3,3,1,0,2271,0
8,VOIP_SPOOFED,10,24,5,2,5,231,1
223,OUTGOING,20,6,2,1,0,1196,0
162,INCOMING,11,1,3,1,0,2356,0
137,OUTGOING,10,3,3,2,0,1554,0
7,INCOMING,5,18,8,4,8,5,1
19,VOIP_SPOOFED,15,11,5,1,3,56,1
216,SMS,12,3,3,1,2,495,0
284,INCOMING,19,4,1,1,0,3021,0
253,OUTGOING,15,2,2,2,1,1003,0
60,OUTGOING,11,3,2,3,1,1938,0
295,OUTGOING,19,5,1,2,0,1662,0
132,OUTGOING,17,3,3,2,1,2216,0
117,INCOMING,14,2,3,2,0,20,0
4,VOIP_SPOOFED,3,8,4,2,6,219,1
135,SMS,15,1,3,2,1,2624,0
13,VOIP_SPOOFED,0,12,6,2,3,27,1
65,OUTGOING,16,4,3,1,0,2655,0
64,OUTGOING,23,7,2,1,0,3614,0
15,OUTGOING,2,16,5,3,7,259,1
11,INCOMING,0,19,10,1,4,285,1
6,INCOMING,1,19,5,5,5,211,1
9,INCOMING,16,6,2,1,1,2442,0
178,INCOMING,11,4,1,1,1,2627,0
10,SMS,19,11,8,4,5,119,1
138,SMS,18,3,3,1,0,2063,0
1,SMS,0,15,9,3,4,119,1
253,INCOMING,16,1,3,1,0,2011,0
17,SMS,17,26,2,1,4,7,1
212,SMS,4,4,3,2,0,1175,0
150,OUTGOING,19,4,5,2,0,1406,0
175,SMS,10,5,3,1,1,1110,0
204,OUTGOING,12,7,4,2,0,1475,0
19,OUTGOING,6,16,10,5,5,16,1
280,OUTGOING,19,4,1,2,0,1492,0
186,INCOMING,15,4,2,2,0,1910,0
14,VOIP_SPOOFED,2,8,7,3,5,286,1
210,OUTGOING,21,3,4,2,1,1990,0
6,VOIP_SPOOFED,4,15,7,3,4,117,1
29,VOIP_SPOOFED,1,12,4,2,7,82,1
17,OUTGOING,12,19,13,1,5,15,1
6,VOIP_SPOOFED,7,14,11,4,4,176,1
101,SMS,7,3,1,2,0,1263,0
10,SMS,7,15,10,4,4,40,1
14,VOIP_SPOOFED,1,12,8,2,7,202,1
200,OUTGOING,16,1,4,1,0,338,0
161,SMS,16,1,3,1,2,1104,0
105,INCOMING,7,3,3,1,1,2990,0
1,OUTGOING,0,14,6,3,6,109,1
9,INCOMING,11,14,7,4,4,351,1
2,SMS,4,11,10,1,6,354,1
145,OUTGOING,6,4,4,1,0,2516,0
142,OUTGOING,14,5,2,2,1,1189,0
14,VOIP_SPOOFED,0,11,5,3,6,115,1
10,VOIP_SPOOFED,3,12,4,2,7,82,1
222,OUTGOING,21,4,3,1,1,2291,0
262,OUTGOING,7,3,1,1,2,713,0
4,OUTGOING,3,12,10,3,3,227,1
15,VOIP_SPOOFED,11,10,7,2,5,111,1
8,VOIP_SPOOFED,5,15,8,3,3,268,1
8,OUTGOING,4,2,8,4,4,162,1
180,SMS,19,4,2,1,0,2900,0
269,OUTGOING,21,6,3,1,1,1782,0
10,INCOMING,7,19,5,2,4,156,1
8,SMS,4,12,8,2,7,16,1
216,SMS,14,6,1,1,1,1871,0
355,OUTGOING,6,7,3,1,0,1455,0
112,INCOMING,13,6,3,1,1,1040,0
364,OUTGOING,18,2,1,2,1,1761,0
15,VOIP_SPOOFED,1,19,12,4,3,218,1
151,OUTGOING,10,4,2,1,0,1827,0
13,VOIP_SPOOFED,22,17,8,4,2,91,1
13,OUTGOING,0,16,1,2,6,64,1
83,INCOMING,11,8,2,1,0,1179,0
14,VOIP_SPOOFED,10,9,12,3,3,155,1
8,SMS,5,12,9,5,4,137,1
5,VOIP_SPOOFED,22,21,11,1,6,85,1
8,SMS,1,19,10,3,5,73,1
268,OUTGOING,8,6,1,1,1,1509,0
152,OUTGOING,8,5,2,2,0,2552,0
224,OUTGOING,19,2,3,1,2,1818,0
22,VOIP_SPOOFED,14,2,9,5,5,298,1
4,VOIP_SPOOFED,3,9,8,3,4,74,1
165,OUTGOING,20,5,1,1,0,2418,0
6,VOIP_SPOOFED,3,13,8,1,7,141,1
263,INCOMING,13,4,3,1,0,2583,0
215,INCOMING,4,3,3,1,0,2086,0
281,OUTGOING,8,5,3,3,1,1592,0
154,SMS,23,6,2,2,1,1779,0
18,VOIP_SPOOFED,9,15,13,2,7,228,1
3,OUTGOING,4,22,5,1,5,121,1
78,SMS,16,4,3,1,1,2225,0
12,VOIP_SPOOFED,3,16,8,1,5,179,1
352,SMS,17,5,1,1,0,2450,0
10,OUTGOING,2,8,9,2,1,246,1
391,OUTGOING,10,1,3,1,0,1045,0
270,OUTGOING,18,5,4,1,0,1768,0
12,VOIP_SPOOFED,14,9,9,3,7,315,1
225,SMS,22,4,5,1,0,1214,0
9,VOIP_SPOOFED,1,24,7,2,8,5,1
164,OUTGOING,15,8,2,1,0,1523,0
10,OUTGOING,12,4,7,1,5,62,1
6,VOIP_SPOOFED,0,11,10,3,6,120,1
8,VOIP_SPOOFED,5,11,3,3,4,97,1
7,INCOMING,4,13,8,4,4,187,1
17,VOIP_SPOOFED,18,18,13,1,3,202,1
13,SMS,0,10,12,3,6,292,1
63,SMS,20,2,1,1,1,1697,0
127,OUTGOING,18,3,3,1,0,706,0
285,OUTGOING,6,4,2,1,0,1091,0
163,OUTGOING,12,4,3,2,0,1829,0
17,OUTGOING,3,16,3,5,3,231,1
6,VOIP_SPOOFED,5,9,12,2,3,143,1
96,SMS,11,6,2,1,0,899,0
203,OUTGOING,7,4,3,1,1,1916,0
9,VOIP_SPOOFED,15,11,9,2,3,119,1
39,INCOMING,9,4,3,1,2,56,0
21,VOIP_SPOOFED,0,14,14,5,5,188,1
10,INCOMING,7,14,8,3,5,189,1
186,INCOMING,10,4,2,2,0,2170,0
22,OUTGOING,4,9,12,3,3,212,1
65,OUTGOING,19,4,3,1,0,1292,0
18,VOIP_SPOOFED,0,19,13,2,6,213,1
251,INCOMING,7,7,2,2,0,1207,0
16,VOIP_SPOOFED,14,21,13,2,4,45,1
25,VOIP_SPOOFED,4,15,15,2,3,372,1
124,OUTGOING,5,2,2,1,0,1992,0
11,VOIP_SPOOFED,0,15,8,2,1,188,1
10,INCOMING,6,10,9,1,4,328,1
26,VOIP_SPOOFED,5,19,8,3,6,197,1
147,OUTGOING,12,4,3,1,1,1390,0
9,OUTGOING,3,14,6,3,4,186,1
72,INCOMING,6,2,2,1,0,176,0
254,OUTGOING,15,7,2,2,0,866,0
164,OUTGOING,15,4,2,1,0,1441,0
106,OUTGOING,19,6,1,1,1,1361,0
3,VOIP_SPOOFED,4,11,9,3,8,169,1
9,SMS,10,19,6,1,7,63,1
136,OUTGOING,13,1,3,1,0,777,0
17,OUTGOING,0,16,14,5,4,152,1
4,SMS,1,14,7,3,4,76,1
134,OUTGOING,15,2,4,1,1,1891,0
177,OUTGOING,18,1,4,1,0,1125,0
13,VOIP_SPOOFED,4,30,8,3,2,77,1
5,SMS,21,29,5,3,4,5,1
199,OUTGOING,8,5,2,1,0,1239,0
9,OUTGOING,21,12,12,3,2,5,1
221,SMS,16,1,3,2,0,2918,0
2,VOIP_SPOOFED,11,20,11,5,6,242,1
10,VOIP_SPOOFED,10,17,7,6,8,217,1
128,SMS,15,7,2,1,1,2872,0
136,INCOMING,23,4,4,1,0,384,0
13,INCOMING,8,4,2,1,2,2689,0
188,SMS,20,1,4,1,2,2761,0
202,OUTGOING,17,4,2,1,0,2411,0
206,INCOMING,6,4,2,1,0,1015,0
3,OUTGOING,2,17,5,2,7,186,1
114,INCOMING,14,2,3,1,0,2619,0
128,INCOMING,14,6,4,3,0,1211,0
77,SMS,13,5,4,1,0,1555,0
13,VOIP_SPOOFED,4,10,10,3,1,310,1
269,OUTGOING,20,4,3,1,2,1390,0
11,VOIP_SPOOFED,4,13,7,1,6,13,1
17,VOIP_SPOOFED,3,13,8,2,3,144,1
5,OUTGOING,7,21,7,4,5,244,1
8,VOIP_SPOOFED,4,20,5,3,5,33,1
135,SMS,2,2,2,2,0,1722,0
18,OUTGOING,9,11,9,3,6,19,1
3,OUTGOING,8,6,5,1,1,2828,0
98,OUTGOING,6,4,3,1,0,2350,0
7,VOIP_SPOOFED,2,11,9,2,7,244,1
10,INCOMING,21,13,12,4,8,5,1
1,VOIP_SPOOFED,13,10,11,1,3,165,1
7,SMS,2,13,9,4,2,294,1
9,VOIP_SPOOFED,16,9,11,3,6,230,1
116,INCOMING,16,3,3,1,1,791,0
153,VOIP_SPOOFED,19,3,3,1,1,1664,0
12,INCOMING,0,23,6,4,6,131,1
43,INCOMING,1,3,1,1,0,1848,0
3,SMS,6,8,13,1,6,154,1
160,OUTGOING,16,2,1,1,1,2861,0
87,OUTGOING,12,2,4,1,1,2350,0
1,VOIP_SPOOFED,20,14,5,3,3,265,1
226,OUTGOING,12,6,1,1,0,879,0
123,SMS,22,5,2,1,1,2231,0
159,OUTGOING,7,3,3,1,0,1867,0
5,VOIP_SPOOFED,3,15,12,6,4,286,1
4,VOIP_SPOOFED,14,17,15,4,6,256,1
17,VOIP_SPOOFED,21,9,6,3,6,90,1
25,INCOMING,23,18,13,4,4,28,1
16,OUTGOING,16,15,9,3,6,137,1
380,OUTGOING,21,3,1,1,2,2381,0
175,INCOMING,1,3,3,1,0,2067,0
168,INCOMING,22,2,1,1,1,1372,0
164,OUTGOING,22,6,3,1,0,1247,0
199,INCOMING,10,5,2,1,0,1275,0
95,SMS,15,4,3,1,2,1511,0
145,OUTGOING,18,2,3,1,3,1736,0
12,VOIP_SPOOFED,0,20,10,4,8,291,1
120,OUTGOING,19,3,2,1,0,676,0
3,OUTGOING,20,22,9,2,6,5,1
11,SMS,18,17,8,1,5,115,1
162,INCOMING,19,3,4,2,0,2897,0
135,INCOMING,7,1,3,1,0,1262,0
10,VOIP_SPOOFED,2,17,9,5,6,70,1
242,OUTGOING,8,3,3,1,0,1820,0
4,VOIP_SPOOFED,2,17,12,5,4,192,1
6,VOIP_SPOOFED,3,12,8,2,2,185,1
17,VOIP_SPOOFED,19,11,12,1,4,164,1
73,OUTGOING,6,5,2,1,1,1678,0
11,INCOMING,4,15,6,2,5,380,1
7,VOIP_SPOOFED,4,18,13,2,3,5,1
196,OUTGOING,22,1,2,1,1,2212,0
211,INCOMING,9,3,2,2,0,2896,0
145,SMS,9,2,1,2,1,2406,0
16,VOIP_SPOOFED,10,13,9,1,4,145,1
11,VOIP_SPOOFED,3,19,9,4,6,100,1
180,OUTGOING,21,5,2,1,0,2322,0
164,INCOMING,20,4,2,1,1,2239,0
197,OUTGOING,14,6,3,2,1,1239,0
274,SMS,22,2,2,1,0,3342,0
202,INCOMING,12,6,4,1,0,500,0
191,INCOMING,16,7,2,1,3,2842,0
216,OUTGOING,12,1,4,1,0,3157,0
14,VOIP_SPOOFED,17,9,11,3,6,225,1
150,OUTGOING,8,2,4,1,0,2701,0
14,VOIP_SPOOFED,0,17,7,2,5,207,1
6,INCOMING,1,18,7,3,4,241,1
9,VOIP_SPOOFED,17,19,6,5,3,402,1
9,VOIP_SPOOFED,12,10,6,2,7,7,1
145,INCOMING,9,3,3,1,0,1456,0
7,VOIP_SPOOFED,5,18,10,4,2,191,1
11,SMS,3,11,8,1,4,118,1
9,VOIP_SPOOFED,5,8,9,5,5,54,1
8,INCOMING,22,13,7,2,3,66,1
1,OUTGOING,0,13,7,1,3,5,1
3,VOIP_SPOOFED,2,11,12,1,4,251,1
240,OUTGOING,23,3,2,1,1,2468,0
2,SMS,0,18,12,2,2,228,1
13,SMS,12,12,6,5,3,126,1
15,VOIP_SPOOFED,4,12,7,4,4,156,1
6,VOIP_SPOOFED,4,15,10,4,3,97,1
171,OUTGOING,20,7,3,1,2,2221,0
14,SMS,2,10,11,3,3,228,1
1,SMS,2,4,14,4,5,226,1
11,OUTGOING,3,8,5,4,5,245,1
287,SMS,5,3,1,1,0,1293,0
6,VOIP_SPOOFED,1,4,9,2,9,363,1
15,INCOMING,2,15,11,3,8,289,1
1,OUTGOING,9,6,2,3,0,1819,0
11,VOIP_SPOOFED,20,19,14,3,1,135,1
247,SMS,16,1,2,1,1,2373,0
9,VOIP_SPOOFED,17,5,4,2,6,492,1
9,OUTGOING,11,7,4,2,3,146,1
3,VOIP_SPOOFED,22,12,12,2,5,168,1
8,VOIP_SPOOFED,17,21,6,6,8,221,1
64,OUTGOING,21,1,2,1,1,1685,0
12,OUTGOING,5,19,8,4,2,106,1
187,OUTGOING,8,4,1,1,0,1745,0
82,OUTGOING,15,4,2,1,1,2973,0
4,OUTGOING,8,22,10,3,6,324,1
11,VOIP_SPOOFED,0,6,11,2,5,193,1
153,SMS,15,2,3,2,0,3247,0
1,SMS,15,2,1,1,0,2171,0
9,VOIP_SPOOFED,0,11,11,1,6,112,1
229,SMS,19,6,2,1,0,2712,0
4,OUTGOING,1,15,17,1,3,76,1
4,INCOMING,2,27,7,2,4,246,1
90,INCOMING,21,1,3,1,0,2410,0
9,VOIP_SPOOFED,0,11,2,1,5,5,1
240,OUTGOING,9,3,3,1,2,2513,0
10,OUTGOING,19,5,6,3,3,255,1
16,INCOMING,18,14,12,2,7,35,1
8,OUTGOING,16,5,8,3,8,8,1
161,OUTGOING,23,1,3,1,3,2638,0
1,VOIP_SPOOFED,12,5,6,5,3,230,1
9,OUTGOING,3,13,9,2,5,106,1
137,INCOMING,4,1,1,2,1,1416,0
15,VOIP_SPOOFED,3,15,4,3,4,81,1
18,VOIP_SPOOFED,18,12,8,5,5,168,1
171,INCOMING,20,5,2,2,0,954,0
9,VOIP_SPOOFED,1,7,7,3,3,250,1
112,INCOMING,17,4,2,1,1,3457,0
6,OUTGOING,0,11,6,3,6,5,1
8,OUTGOING,8,12,11,1,3,229,1
278,OUTGOING,23,5,2,1,1,875,0
9,VOIP_SPOOFED,11,22,14,3,7,5,1
8,SMS,3,12,6,3,7,251,1
6,INCOMING,15,16,11,2,6,155,1
1,OUTGOING,15,1,2,3,0,1329,0
14,VOIP_SPOOFED,15,16,13,3,4,125,1
18,VOIP_SPOOFED,6,16,7,2,6,98,1
189,INCOMING,11,2,3,1,0,2480,0
5,VOIP_SPOOFED,23,17,10,2,6,135,1
102,SMS,9,4,4,2,1,1106,0
344,INCOMING,16,6,3,2,1,1429,0
13,SMS,5,9,10,2,4,20,1
259,OUTGOING,16,1,3,1,0,1707,0
11,VOIP_SPOOFED,3,25,16,3,7,122,1
6,OUTGOING,13,7,10,5,2,21,1
14,SMS,19,16,7,2,2,143,1
15,VOIP_SPOOFED,12,10,6,3,3,143,1
62,INCOMING,15,9,1,1,0,1603,0
192,INCOMING,15,2,4,2,0,1444,0
268,INCOMING,18,3,2,1,2,1984,0
10,OUTGOING,21,10,6,2,4,303,1
22,VOIP_SPOOFED,10,12,9,4,7,203,1
152,OUTGOING,17,2,3,1,2,1858,0
13,OUTGOING,0,15,10,2,6,244,1
207,OUTGOING,23,5,3,1,2,2301,0
301,SMS,16,1,3,1,0,1607,0
308,OUTGOING,5,1,1,1,0,1603,0
13,INCOMING,3,17,6,2,5,384,1
129,OUTGOING,23,2,2,1,1,2427,0
8,VOIP_SPOOFED,6,18,8,2,6,443,1
10,VOIP_SPOOFED,4,15,12,1,7,276,1
91,OUTGOING,9,1,1,1,0,2077,0
133,VOIP_SPOOFED,20,2,4,1,1,1346,0
15,OUTGOING,4,7,10,3,4,197,1
22,VOIP_SPOOFED,8,17,4,4,1,150,1
145,SMS,7,3,2,1,1,3600,0
4,VOIP_SPOOFED,16,5,3,2,7,92,1
405,SMS,9,5,1,1,0,1499,0
281,OUTGOING,23,3,2,1,0,3563,0
224,OUTGOING,11,6,2,1,2,1799,0
14,VOIP_SPOOFED,4,17,7,3,5,270,1
135,OUTGOING,9,2,3,2,2,1119,0
15,OUTGOING,0,11,8,5,4,248,1
190,OUTGOING,6,4,2,2,0,2858,0
222,OUTGOING,20,2,2,1,3,1002,0
3,INCOMING,2,19,9,2,6,5,1
46,INCOMING,2,4,1,1,0,1979,0
223,INCOMING,20,5,2,1,0,993,0
248,SMS,6,4,3,2,0,2445,0
109,OUTGOING,4,5,2,1,0,2426,0
187,OUTGOING,15,6,2,1,0,1803,0
52,OUTGOING,6,3,3,1,1,3880,0
11,VOIP_SPOOFED,9,15,7,3,6,70,1
117,OUTGOING,1,3,4,1,0,1455,0
7,VOIP_SPOOFED,3,14,10,6,3,193,1
293,OUTGOING,13,1,3,1,0,2816,0
25,VOIP_SPOOFED,1,13,9,3,4,173,1
4,SMS,9,11,5,4,5,104,1
8,OUTGOING,2,12,11,1,7,153,1
171,INCOMING,20,8,3,1,0,2255,0
138,OUTGOING,19,2,2,1,2,1691,0
188,VOIP_SPOOFED,11,4,4,1,1,2219,0
191,SMS,6,3,4,2,1,1748,0
1,VOIP_SPOOFED,12,8,10,1,5,5,1
13,SMS,2,12,12,5,3,266,1
179,INCOMING,23,4,3,1,0,820,0
136,SMS,7,5,1,1,0,20,0
292,SMS,21,4,5,2,0,1383,0
214,INCOMING,20,2,1,1,0,2027,0
20,OUTGOING,9,19,9,3,4,180,1
277,OUTGOING,18,3,2,1,1,1458,0
2,OUTGOING,3,8,14,2,5,136,1
7,VOIP_SPOOFED,15,11,7,1,8,81,1
296,SMS,9,5,2,1,0,1983,0
219,OUTGOING,15,4,4,1,2,1761,0
201,SMS,21,3,2,1,1,1758,0
4,VOIP_SPOOFED,4,18,7,4,6,98,1
168,OUTGOING,16,2,3,1,2,627,0
3,VOIP_SPOOFED,8,11,8,4,9,100,1
13,VOIP_SPOOFED,22,22,8,4,7,314,1
183,SMS,11,3,1,1,0,874,0
5,VOIP_SPOOFED,4,16,5,4,2,120,1
293,OUTGOING,8,6,3,2,1,2391,0
148,OUTGOING,10,1,2,1,0,1128,0
194,OUTGOING,10,3,3,1,0,1423,0
25,SMS,6,15,4,1,3,294,1
205,SMS,10,1,4,1,0,1521,0
5,VOIP_SPOOFED,0,16,7,5,10,5,1
8,OUTGOING,1,16,10,1,3,255,1
316,SMS,17,2,1,1,0,2685,0
9,SMS,13,2,2,2,0,2378,0
3,VOIP_SPOOFED,4,11,5,3,3,19,1
24,SMS,15,15,5,1,6,238,1
223,SMS,20,4,2,2,0,1556,0
166,INCOMING,17,3,3,1,1,2441,0
13,INCOMING,4,6,8,2,3,56,1
6,VOIP_SPOOFED,2,14,10,5,3,30,1
14,OUTGOING,16,13,5,1,7,5,1
7,OUTGOING,2,8,5,2,5,117,1
9,OUTGOING,3,9,5,3,5,207,1
97,OUTGOING,14,3,2,1,0,1238,0
13,INCOMING,4,15,3,3,6,359,1
4,VOIP_SPOOFED,20,18,11,4,4,158,1
138,OUTGOING,15,2,2,1,0,3122,0
176,OUTGOING,17,7,2,1,0,2843,0
171,OUTGOING,7,4,3,1,0,2287,0
22,VOIP_SPOOFED,1,22,6,4,8,303,1
164,SMS,16,2,2,1,0,1760,0
11,OUTGOING,5,7,6,6,1,244,1
15,INCOMING,1,10,14,3,5,173,1
241,OUTGOING,7,7,3,1,0,982,0
5,SMS,11,14,5,2,7,95,1
100,OUTGOING,12,5,2,1,1,1768,0
60,OUTGOING,17,5,2,1,0,2361,0
8,OUTGOING,20,24,11,2,4,281,1
5,VOIP_SPOOFED,3,16,11,4,5,61,1
18,OUTGOING,4,25,3,3,4,168,1
156,INCOMING,16,1,3,1,1,949,0
1,OUTGOING,1,1,2,2,1,802,0
280,OUTGOING,19,3,2,1,0,1331,0
160,OUTGOING,6,6,2,2,1,2333,0
24,OUTGOING,2,21,9,3,5,330,1
180,INCOMING,22,4,3,1,1,1470,0
118,OUTGOING,16,1,2,1,0,1337,0
122,OUTGOING,7,4,3,1,1,1298,0
258,SMS,20,1,2,1,1,1856,0
15,INCOMING,17,9,8,3,4,219,1
231,INCOMING,23,1,2,1,1,1834,0
85,SMS,23,7,2,1,3,1298,0
2,OUTGOING,2,21,14,6,4,12,1
197,SMS,18,1,1,1,0,2856,0
109,SMS,8,4,3,1,0,1793,0
12,OUTGOING,2,23,8,3,2,213,1
1,VOIP_SPOOFED,4,14,12,4,4,196,1
1,OUTGOING,1,11,11,3,5,61,1
3,OUTGOING,5,18,14,4,1,71,1
293,OUTGOING,8,1,2,1,3,2518,0
381,SMS,13,4,3,2,1,2547,0
207,INCOMING,9,4,1,1,0,1185,0
15,VOIP_SPOOFED,2,19,11,4,5,25,1
118,SMS,13,4,2,1,1,2396,0
230,OUTGOING,19,3,1,2,1,1231,0
158,OUTGOING,22,1,4,1,0,925,0
7,INCOMING,1,13,9,4,8,5,1
5,OUTGOING,18,10,8,2,2,139,1
6,VOIP_SPOOFED,21,13,1,1,2,208,1
36,OUTGOING,23,4,2,1,1,1908,0
207,OUTGOING,17,2,3,1,0,1052,0
65,INCOMING,21,4,3,1,0,2038,0
22,OUTGOING,3,13,3,5,4,174,1
181,OUTGOING,4,1,3,1,0,1321,0
9,OUTGOING,9,20,8,2,1,5,1
135,OUTGOING,18,4,3,1,1,1462,0
9,OUTGOING,1,13,15,1,7,74,1
16,OUTGOING,3,12,11,2,6,181,1
20,VOIP_SPOOFED,6,12,9,3,6,21,1
237,OUTGOING,20,3,2,1,1,1602,0
12,VOIP_SPOOFED,0,18,9,2,7,214,1
294,OUTGOING,16,6,4,1,0,2124,0
138,OUTGOING,8,1,2,1,0,2305,0
1,SMS,18,19,12,4,5,170,1
8,VOIP_SPOOFED,1,20,8,3,4,5,1
8,OUTGOING,18,22,10,2,2,50,1
164,INCOMING,12,5,2,1,1,3165,0
159,OUTGOING,19,4,3,1,0,1207,0
303,INCOMING,20,6,3,1,1,893,0
9,VOIP_SPOOFED,0,12,2,4,4,174,1
14,VOIP_SPOOFED,0,3,10,2,1,191,1
246,OUTGOING,14,8,2,1,1,1415,0
17,SMS,3,10,9,3,5,118,1
10,VOIP_SPOOFED,19,10,7,3,4,31,1
14,SMS,3,26,5,3,6,5,1
117,SMS,23,8,2,1,0,4345,0
260,INCOMING,13,2,2,1,0,2246,0
187,SMS,4,2,2,1,2,494,0
179,INCOMING,9,5,3,1,0,1534,0
85,SMS,8,3,3,1,0,2487,0
249,OUTGOING,10,6,2,1,0,2181,0
242,INCOMING,15,5,2,1,0,2646,0
10,VOIP_SPOOFED,1,15,10,3,6,369,1
136,SMS,23,7,3,1,0,1399,0
17,OUTGOING,22,8,15,3,1,259,1
12,VOIP_SPOOFED,4,24,11,4,6,152,1
4,OUTGOING,3,18,7,4,1,110,1
6,VOIP_SPOOFED,19,13,6,3,7,45,1
2,VOIP_SPOOFED,19,29,9,2,6,33,1
8,OUTGOING,14,17,8,1,3,201,1
1,VOIP_SPOOFED,5,17,12,4,5,232,1
7,VOIP_SPOOFED,0,12,3,2,4,179,1
220,OUTGOING,12,5,2,2,1,3729,0
106,INCOMING,12,3,4,1,0,1470,0
18,VOIP_SPOOFED,4,14,14,1,3,123,1
234,VOIP_SPOOFED,23,1,2,1,0,1064,0
137,SMS,18,5,3,1,0,2058,0
199,INCOMING,0,5,3,1,0,1773,0
10,INCOMING,5,15,7,3,6,219,1
101,SMS,11,1,2,1,1,1664,0
7,VOIP_SPOOFED,2,25,1,2,6,190,1
175,INCOMING,20,5,2,1,0,1451,0
9,SMS,12,15,7,2,4,119,1
16,VOIP_SPOOFED,3,13,7,1,5,290,1
7,OUTGOING,2,11,10,6,2,345,1
278,OUTGOING,13,1,2,1,0,2150,0
245,OUTGOING,16,1,2,1,1,2034,0
8,VOIP_SPOOFED,0,27,10,2,2,5,1
181,VOIP_SPOOFED,23,1,3,1,1,1414,0
19,OUTGOING,5,17,6,3,4,181,1
7,VOIP_SPOOFED,2,18,8,3,3,116,1
16,VOIP_SPOOFED,2,18,7,3,4,133,1
214,OUTGOING,16,6,1,2,1,2924,0
171,INCOMING,1,5,2,1,1,1612,0
10,OUTGOING,7,9,5,3,1,213,1
6,VOIP_SPOOFED,19,27,10,4,4,39,1
5,INCOMING,2,11,8,2,5,166,1
1,VOIP_SPOOFED,5,18,7,5,7,258,1
279,VOIP_SPOOFED,10,3,1,1,1,1166,0
6,VOIP_SPOOFED,7,13,8,3,7,281,1
7,OUTGOING,3,10,10,2,4,183,1
5,OUTGOING,2,17,7,3,5,105,1
8,VOIP_SPOOFED,5,13,11,5,4,226,1
14,OUTGOING,3,11,11,4,3,365,1
114,INCOMING,12,3,3,1,0,1847,0
187,OUTGOING,23,2,1,1,1,2905,0
299,SMS,13,7,3,1,2,2006,0
190,OUTGOING,8,3,3,1,0,2677,0
14,OUTGOING,20,22,7,3,7,52,1
33,OUTGOING,11,3,3,1,0,1678,0
1,INCOMING,1,15,9,5,1,231,1
278,OUTGOING,6,3,4,2,0,1630,0
148,SMS,20,4,3,1,0,861,0
115,SMS,0,5,2,2,0,1347,0
163,SMS,14,1,2,1,0,1378,0
90,INCOMING,12,4,2,1,1,2681,0
5,OUTGOING,2,20,14,2,7,5,1
22,SMS,22,6,3,1,0,2102,0
361,OUTGOING,17,5,3,1,1,2084,0
5,VOIP_SPOOFED,9,20,7,3,2,175,1
77,INCOMING,7,5,2,1,0,2354,0
14,OUTGOING,7,24,7,2,6,219,1
160,INCOMING,16,4,3,1,1,1538,0
156,OUTGOING,22,5,4,1,0,1528,0
160,SMS,19,2,4,1,0,1809,0
13,VOIP_SPOOFED,0,14,10,2,3,165,1
151,OUTGOING,13,1,2,1,1,1771,0
18,VOIP_SPOOFED,4,18,8,2,4,5,1
99,INCOMING,19,4,2,1,1,2013,0
102,OUTGOING,18,2,4,1,0,2608,0
111,INCOMING,9,1,3,1,2,1753,0
19,SMS,10,12,7,3,2,145,1
188,SMS,20,1,1,1,0,2113,0
45,INCOMING,17,1,3,1,1,966,0
13,VOIP_SPOOFED,1,15,3,3,5,300,1
9,OUTGOING,22,18,11,1,4,129,1
10,OUTGOING,20,16,12,3,7,314,1
45,OUTGOING,18,4,2,1,0,1871,0
165,INCOMING,22,2,2,1,1,2840,0
4,INCOMING,5,10,12,5,4,156,1
13,SMS,3,14,8,4,4,211,1
80,OUTGOING,12,2,1,1,0,2690,0
317,SMS,10,4,2,1,0,2066,0
10,VOIP_SPOOFED,16,15,6,4,6,234,1
144,SMS,14,2,2,1,1,2766,0
22,OUTGOING,20,2,9,2,3,38,1
86,OUTGOING,7,1,2,1,0,2759,0
21,OUTGOING,11,13,8,1,3,122,1
8,VOIP_SPOOFED,5,14,8,4,3,19,1
16,OUTGOING,0,11,7,4,2,327,1
18,VOIP_SPOOFED,1,16,9,2,3,36,1
13,VOIP_SPOOFED,2,24,7,4,2,203,1
9,VOIP_SPOOFED,3,21,11,2,4,48,1
233,INCOMING,15,6,1,1,1,2646,0
12,VOIP_SPOOFED,2,7,6,1,3,140,1
154,OUTGOING,10,4,2,1,2,2773,0
18,SMS,1,13,9,3,9,77,1
127,OUTGOING,13,1,5,3,0,1863,0
10,VOIP_SPOOFED,2,13,8,2,5,149,1
218,OUTGOING,21,4,3,2,1,2419,0
170,OUTGOING,21,5,3,2,1,2118,0
203,OUTGOING,1,4,2,1,1,2863,0
231,SMS,2,4,4,2,2,819,0
12,INCOMING,18,11,12,5,9,111,1
13,INCOMING,3,10,11,4,2,153,1
140,INCOMING,20,7,2,2,1,2828,0
15,OUTGOING,15,13,6,2,5,236,1
110,INCOMING,9,1,4,1,1,2171,0
145,OUTGOING,13,1,2,1,1,2071,0
321,OUTGOING,17,1,1,2,1,785,0
13,OUTGOING,3,9,4,3,6,55,1
117,SMS,21,5,2,1,3,935,0
7,SMS,20,17,10,2,3,208,1
170,SMS,15,3,3,1,1,1223,0
6,INCOMING,14,17,8,3,6,264,1
9,VOIP_SPOOFED,2,12,9,3,4,181,1
21,INCOMING,5,14,7,3,5,185,1
14,SMS,3,17,10,3,3,163,1
7,VOIP_SPOOFED,0,10,4,2,6,54,1
9,SMS,9,16,10,2,5,274,1
40,INCOMING,16,2,3,1,0,1642,0
14,VOIP_SPOOFED,3,11,5,2,7,47,1
3,VOIP_SPOOFED,0,6,12,2,4,5,1
13,INCOMING,7,9,5,3,5,100,1
13,VOIP_SPOOFED,3,18,6,2,8,155,1
9,VOIP_SPOOFED,2,12,11,4,2,256,1
163,INCOMING,6,4,3,2,1,2616,0
5,VOIP_SPOOFED,2,16,9,4,6,5,1
15,VOIP_SPOOFED,0,12,10,4,3,60,1
7,SMS,7,20,9,1,5,193,1
245,OUTGOING,19,3,3,1,0,1577,0
21,SMS,14,15,6,3,5,219,1
10,INCOMING,0,14,11,6,2,79,1
7,OUTGOING,5,23,7,1,3,118,1
189,INCOMING,5,3,2,1,0,2673,0
53,INCOMING,14,7,1,1,0,1793,0
172,SMS,22,3,1,1,2,1917,0
15,VOIP_SPOOFED,2,8,10,2,4,182,1
125,OUTGOING,13,6,3,1,1,2931,0
113,OUTGOING,20,1,3,1,1,2026,0
14,OUTGOING,4,7,7,3,6,43,1
1,VOIP_SPOOFED,1,18,9,3,9,160,1
6,SMS,1,9,8,5,6,248,1
211,OUTGOING,21,3,2,1,1,609,0
143,OUTGOING,12,5,3,1,0,923,0
74,INCOMING,17,3,4,1,0,1064,0
9,INCOMING,1,15,7,4,6,5,1
140,OUTGOING,9,4,2,1,2,1510,0
163,INCOMING,16,4,5,2,1,2286,0
4,VOIP_SPOOFED,7,15,6,2,4,158,1
13,VOIP_SPOOFED,3,17,6,2,7,133,1
163,SMS,12,1,2,1,1,209,0
97,INCOMING,7,5,3,1,0,3093,0
106,INCOMING,20,3,4,2,0,1861,0
188,OUTGOING,21,6,1,1,2,2253,0
11,OUTGOING,10,17,6,3,7,216,1
257,SMS,1,1,3,2,1,1753,0
1,INCOMING,1,9,10,3,3,57,1
198,INCOMING,11,2,3,1,0,2764,0
1,VOIP_SPOOFED,1,14,9,5,7,226,1
4,OUTGOING,2,5,6,4,6,146,1
77,OUTGOING,17,2,3,1,0,1170,0
10,VOIP_SPOOFED,22,13,7,4,7,346,1
224,SMS,20,6,3,1,0,2503,0
163,OUTGOING,17,2,1,1,1,1690,0
116,OUTGOING,22,1,1,1,1,2243,0
14,SMS,20,18,8,5,4,116,1
55,OUTGOING,5,3,3,2,1,1935,0
13,INCOMING,9,18,7,1,6,20,1
2,VOIP_SPOOFED,21,14,8,2,6,82,1
16,INCOMING,9,21,8,4,7,221,1
267,SMS,14,5,3,1,1,2442,0
269,OUTGOING,18,2,2,1,0,954,0
16,OUTGOING,0,17,13,1,4,236,1
14,INCOMING,20,12,5,4,4,101,1
14,SMS,4,14,11,2,4,76,1
1,OUTGOING,2,14,10,4,4,194,1
300,OUTGOING,22,1,2,1,1,856,0
94,OUTGOING,7,4,3,1,1,1555,0
11,VOIP_SPOOFED,2,9,10,3,5,265,1
54,INCOMING,12,4,2,1,0,1301,0
208,OUTGOING,19,6,2,2,0,1099,0
1,VOIP_SPOOFED,4,17,5,4,7,276,1
3,OUTGOING,3,19,6,4,5,5,1
71,SMS,19,4,3,1,1,2189,0
291,SMS,11,3,3,1,0,2231,0
8,VOIP_SPOOFED,22,19,3,4,4,337,1
6,VOIP_SPOOFED,4,14,12,4,1,213,1
1,SMS,5,13,8,3,6,256,1
206,INCOMING,9,1,2,1,1,1627,0
140,OUTGOING,20,1,2,2,1,2013,0
9,VOIP_SPOOFED,21,12,12,4,7,100,1
25,OUTGOING,7,18,13,1,5,251,1
3,VOIP_SPOOFED,7,19,11,4,9,53,1
210,SMS,16,3,1,1,1,1007,0
113,SMS,13,6,3,1,1,2319,0
1,OUTGOING,1,16,8,3,3,258,1
13,VOIP_SPOOFED,4,22,7,1,4,106,1
12,OUTGOING,23,21,14,3,6,78,1
6,VOIP_SPOOFED,4,7,12,2,6,13,1
174,OUTGOING,10,2,1,1,0,2527,0
255,OUTGOING,17,1,3,2,1,2612,0
4,OUTGOING,22,20,7,2,4,198,1
14,VOIP_SPOOFED,5,14,5,3,1,94,1
90,SMS,13,3,2,1,2,1492,0
188,INCOMING,12,6,3,1,1,1202,0
8,VOIP_SPOOFED,1,4,6,2,6,37,1
1,OUTGOING,15,3,3,2,1,2500,0
257,OUTGOING,14,4,4,1,1,1202,0
6,VOIP_SPOOFED,0,17,12,2,6,166,1
183,OUTGOING,19,5,3,2,0,1624,0
232,OUTGOING,19,5,3,2,1,537,0
2,OUTGOING,2,17,11,3,4,66,1
127,OUTGOING,3,4,3,1,1,519,0
13,SMS,7,15,1,3,2,24,1
272,SMS,7,6,2,2,1,1289,0
1,VOIP_SPOOFED,0,19,10,1,8,201,1
146,OUTGOING,8,7,1,1,0,1824,0
13,OUTGOING,1,13,7,3,4,222,1
9,VOIP_SPOOFED,1,9,9,5,6,82,1
6,VOIP_SPOOFED,21,18,9,3,1,86,1
70,OUTGOING,11,4,3,1,1,2553,0
61,SMS,18,4,3,1,0,1497,0
15,VOIP_SPOOFED,1,9,11,3,4,56,1
100,OUTGOING,7,4,1,1,1,2379,0
171,INCOMING,21,7,3,1,2,2764,0
12,OUTGOING,16,17,8,1,4,69,1
2,VOIP_SPOOFED,15,12,11,1,4,181,1
1,VOIP_SPOOFED,3,10,10,6,4,69,1
1,VOIP_SPOOFED,6,15,7,4,7,168,1
110,INCOMING,4,3,2,1,0,1417,0
5,OUTGOING,16,20,9,3,4,38,1
163,OUTGOING,23,2,1,1,0,1120,0
206,INCOMING,22,1,1,1,0,2197,0
12,VOIP_SPOOFED,21,13,7,4,5,188,1
7,VOIP_SPOOFED,15,14,10,4,7,210,1
349,INCOMING,19,2,2,1,0,2644,0
92,OUTGOING,16,1,2,1,1,963,0
222,INCOMING,7,5,3,2,0,2042,0
268,OUTGOING,21,4,2,2,0,1190,0
73,INCOMING,19,2,2,1,2,2555,0
4,VOIP_SPOOFED,3,12,6,2,2,170,1
118,OUTGOING,18,4,2,1,1,1111,0
30,OUTGOING,20,4,1,2,2,1723,0
197,OUTGOING,7,2,1,1,0,729,0
8,INCOMING,3,9,12,5,4,153,1
187,OUTGOING,19,5,3,2,0,1661,0
153,OUTGOING,21,4,2,1,1,1171,0
233,INCOMING,15,6,3,1,1,1706,0
3,OUTGOING,10,17,7,2,6,201,1
4,OUTGOING,17,4,3,1,0,1637,0
20,OUTGOING,0,5,12,4,7,5,1
5,VOIP_SPOOFED,23,13,11,5,7,353,1
122,INCOMING,6,4,3,1,0,598,0
13,VOIP_SPOOFED,8,12,11,2,3,267,1
10,OUTGOING,1,27,12,3,8,197,1
141,OUTGOING,4,5,2,1,0,1245,0
10,VOIP_SPOOFED,0,20,9,3,4,397,1
282,OUTGOING,10,5,2,1,3,2172,0
237,OUTGOING,21,5,2,1,1,1557,0
123,OUTGOING,7,3,1,1,0,2358,0
17,VOIP_SPOOFED,0,5,13,3,2,271,1
224,INCOMING,15,6,1,1,0,1233,0
158,INCOMING,7,5,2,1,0,185,0
5,VOIP_SPOOFED,1,24,7,2,7,33,1
15,SMS,13,17,11,2,2,95,1
18,SMS,5,14,8,1,7,291,1
19,INCOMING,0,24,8,2,10,192,1
87,SMS,13,5,1,1,1,2326,0
13,SMS,8,6,2,2,2,787,0
143,INCOMING,18,2,4,1,0,2332,0
19,OUTGOING,13,23,12,1,4,70,1
12,VOIP_SPOOFED,23,6,9,1,8,31,1
9,VOIP_SPOOFED,1,15,8,3,5,218,1
7,VOIP_SPOOFED,16,13,8,1,5,278,1
121,OUTGOING,12,2,4,1,0,1582,0
4,VOIP_SPOOFED,7,17,6,1,7,237,1
330,INCOMING,6,1,1,1,0,3162,0
94,OUTGOING,12,4,1,2,0,1900,0
1,VOIP_SPOOFED,2,20,3,4,5,215,1
8,OUTGOING,13,13,7,4,5,205,1
208,OUTGOING,18,2,3,1,0,3388,0
168,OUTGOING,23,3,3,1,2,2377,0
279,INCOMING,19,4,1,1,2,3288,0
21,VOIP_SPOOFED,0,13,10,5,3,63,1
7,INCOMING,20,18,8,1,5,154,1
13,VOIP_SPOOFED,1,14,10,3,5,5,1
8,SMS,0,12,5,3,1,12,1
11,VOIP_SPOOFED,1,15,10,2,3,80,1
7,INCOMING,2,20,8,3,5,199,1
117,OUTGOING,14,5,3,2,0,3288,0
167,SMS,8,4,3,1,1,1407,0
15,SMS,4,9,10,5,5,122,1
5,OUTGOING,16,11,14,6,4,159,1
182,INCOMING,17,8,3,1,1,1572,0
73,OUTGOING,17,4,2,1,1,2165,0
10,SMS,8,16,10,4,4,45,1
78,OUTGOING,16,1,1,2,0,2691,0
106,OUTGOING,17,5,3,1,0,1596,0
1,VOIP_SPOOFED,8,9,6,3,3,164,1
187,INCOMING,23,6,4,1,0,1443,0
74,OUTGOING,14,6,1,1,0,2273,0
14,OUTGOING,18,18,9,3,4,122,1
139,SMS,18,2,2,2,0,2497,0
6,VOIP_SPOOFED,3,21,9,3,4,5,1
1,VOIP_SPOOFED,0,18,6,3,3,5,1
225,OUTGOING,22,1,3,1,1,2126,0
14,SMS,2,15,10,6,4,113,1
319,OUTGOING,19,5,3,1,3,2425,0
162,OUTGOING,15,2,3,1,1,2069,0
12,VOIP_SPOOFED,22,17,8,2,3,156,1
119,OUTGOING,18,5,2,2,1,2987,0
12,OUTGOING,16,8,11,4,6,141,1
199,INCOMING,11,3,3,2,0,2349,0
1,VOIP_SPOOFED,5,14,8,4,4,241,1
10,SMS,23,17,6,2,6,134,1
3,VOIP_SPOOFED,16,19,8,3,5,184,1
151,OUTGOING,21,5,2,1,1,1714,0
1,SMS,3,15,6,2,9,204,1
11,VOIP_SPOOFED,11,17,8,4,6,341,1
1,VOIP_SPOOFED,2,18,9,1,4,276,1
155,OUTGOING,16,1,2,1,0,1661,0
18,VOIP_SPOOFED,1,18,9,2,5,5,1
160,OUTGOING,19,3,2,1,0,2158,0
16,OUTGOING,1,19,11,2,2,336,1
1,VOIP_SPOOFED,2,10,8,3,3,186,1
204,OUTGOING,12,4,2,1,0,2471,0
5,VOIP_SPOOFED,0,16,14,4,4,263,1
57,OUTGOING,19,7,4,3,1,2881,0
207,INCOMING,4,1,1,1,0,2460,0
20,SMS,17,20,1,3,1,46,1
8,OUTGOING,14,12,6,2,7,109,1
144,INCOMING,22,1,3,1,1,1269,0
122,INCOMING,10,6,3,1,0,2205,0
164,OUTGOING,12,5,3,1,0,2272,0
173,INCOMING,19,7,2,1,0,3297,0
210,OUTGOING,23,3,3,1,1,1768,0
249,INCOMING,20,4,4,2,1,2442,0
29,SMS,9,5,13,2,7,178,1
17,INCOMING,3,19,10,2,3,182,1
6,SMS,3,15,14,3,2,185,1
6,INCOMING,11,1,2,1,2,1306,0
1,VOIP_SPOOFED,11,17,10,3,3,248,1
149,OUTGOING,22,6,3,1,1,2753,0
14,VOIP_SPOOFED,5,9,13,2,5,282,1
13,VOIP_SPOOFED,1,20,6,1,7,121,1
11,OUTGOING,4,10,10,1,5,254,1
181,OUTGOING,23,3,2,1,0,1724,0
145,OUTGOING,21,4,2,1,1,2724,0
44,SMS,13,5,2,1,0,2704,0
9,SMS,11,17,6,5,6,55,1
16,VOIP_SPOOFED,15,12,9,5,6,149,1
9,OUTGOING,17,20,12,5,7,110,1
1,VOIP_SPOOFED,5,13,9,2,4,408,1
246,OUTGOING,15,7,2,2,0,2580,0
97,OUTGOING,19,1,4,1,1,3150,0
10,VOIP_SPOOFED,6,15,8,1,7,5,1
18,INCOMING,1,16,6,3,5,131,1
8,OUTGOING,16,16,7,1,5,167,1
172,SMS,18,3,1,1,1,614,0
8,VOIP_SPOOFED,14,11,12,5,8,183,1
167,OUTGOING,14,3,3,1,2,1677,0
258,OUTGOING,18,6,4,1,0,1621,0
1,OUTGOING,4,13,11,4,3,5,1
304,OUTGOING,17,1,4,1,1,3039,0
10,VOIP_SPOOFED,0,7,10,4,5,175,1
154,OUTGOING,11,5,3,1,1,2578,0
10,VOIP_SPOOFED,12,18,8,4,1,76,1
90,INCOMING,8,5,3,1,1,2489,0
52,VOIP_SPOOFED,21,3,3,1,0,1454,0
229,SMS,11,3,1,1,1,2880,0
320,INCOMING,3,2,1,1,1,1592,0
13,SMS,3,21,10,6,6,5,1
11,OUTGOING,19,5,12,2,7,249,1
15,VOIP_SPOOFED,1,20,5,2,5,107,1
16,SMS,22,16,7,1,10,162,1
109,INCOMING,16,5,2,2,3,2916,0
152,OUTGOING,2,1,3,2,1,2652,0
4,SMS,15,12,4,1,5,126,1
7,OUTGOING,5,17,11,5,4,251,1
121,OUTGOING,16,3,2,1,2,1317,0
147,OUTGOING,8,6,3,1,2,1764,0
21,OUTGOING,23,11,9,5,5,220,1
268,OUTGOING,18,6,2,1,0,2554,0
198,SMS,23,6,3,1,0,1284,0
7,VOIP_SPOOFED,1,15,7,3,6,231,1
176,OUTGOING,20,6,1,1,1,2843,0
10,SMS,7,14,9,1,6,5,1
11,VOIP_SPOOFED,3,22,11,3,1,178,1
9,VOIP_SPOOFED,4,10,10,2,6,87,1
220,SMS,9,4,4,1,1,2670,0
7,SMS,8,9,9,4,5,5,1
11,VOIP_SPOOFED,7,11,9,4,3,162,1
16,VOIP_SPOOFED,5,12,9,2,7,243,1
165,INCOMING,10,5,2,1,0,2035,0
15,OUTGOING,11,12,3,4,5,180,1
4,OUTGOING,10,16,11,5,4,319,1
336,SMS,20,9,2,1,1,1854,0
10,OUTGOING,2,14,12,1,3,222,1
243,OUTGOING,20,3,3,1,0,1514,0
7,VOIP_SPOOFED,19,8,8,4,8,357,1
14,SMS,1,6,9,3,6,199,1
13,VOIP_SPOOFED,17,15,10,2,4,32,1
237,OUTGOING,9,5,3,1,3,2558,0
93,OUTGOING,11,3,3,2,0,1367,0
1,OUTGOING,13,4,2,1,0,1819,0
158,SMS,14,1,1,1,0,2107,0
70,OUTGOING,6,4,4,1,0,1792,0
179,INCOMING,19,6,2,2,1,2437,0
3,VOIP_SPOOFED,5,12,8,1,5,16,1
16,VOIP_SPOOFED,8,16,10,6,1,110,1
208,OUTGOING,20,4,3,2,0,1419,0
8,VOIP_SPOOFED,14,12,6,2,6,53,1
197,INCOMING,22,3,3,1,1,2005,0
10,SMS,5,2,4,3,4,149,1
361,OUTGOING,16,5,2,1,0,1443,0
10,OUTGOING,21,17,5,4,4,136,1
221,SMS,9,6,5,1,2,1608,0
215,OUTGOING,15,3,3,2,0,1625,0
12,INCOMING,11,25,7,3,4,123,1
12,VOIP_SPOOFED,10,18,8,1,5,126,1
11,VOIP_SPOOFED,22,13,10,2,5,69,1
253,INCOMING,16,5,3,1,0,1882,0
264,INCOMING,15,2,2,2,1,1172,0
209,INCOMING,20,1,4,1,0,1575,0
7,SMS,1,11,5,4,5,38,1
8,OUTGOING,15,10,9,1,1,147,1
8,VOIP_SPOOFED,4,14,11,1,4,270,1
97,OUTGOING,21,7,3,1,1,2651,0
14,VOIP_SPOOFED,11,24,5,2,7,151,1
10,VOIP_SPOOFED,3,23,4,2,7,93,1
15,OUTGOING,21,11,12,5,6,221,1
100,OUTGOING,20,6,3,1,1,1291,0
88,OUTGOING,17,7,3,1,2,3458,0
13,VOIP_SPOOFED,10,10,12,4,8,268,1
3,VOIP_SPOOFED,1,11,4,5,4,50,1
148,OUTGOING,6,5,1,1,1,2456,0
143,OUTGOING,17,6,1,1,0,2322,0
18,VOIP_SPOOFED,5,16,7,3,9,258,1
283,OUTGOING,19,6,1,1,1,2434,0
1,VOIP_SPOOFED,3,15,9,4,6,164,1
125,SMS,21,4,2,2,0,1149,0
8,VOIP_SPOOFED,9,13,10,3,3,5,1
189,OUTGOING,16,5,3,1,1,1159,0
10,INCOMING,4,10,8,4,5,38,1
6,VOIP_SPOOFED,12,16,5,3,1,196,1
253,OUTGOING,8,2,1,1,1,20,0
2,SMS,8,21,7,2,2,178,1
8,VOIP_SPOOFED,8,19,3,5,2,101,1
16,VOIP_SPOOFED,16,12,7,4,6,5,1
8,INCOMING,5,3,7,4,5,127,1
2,VOIP_SPOOFED,0,12,9,4,3,168,1
153,OUTGOING,16,2,4,2,1,2740,0
11,OUTGOING,1,12,6,2,1,49,1
2,OUTGOING,0,20,12,2,2,349,1
7,VOIP_SPOOFED,1,13,9,4,4,5,1
3,OUTGOING,10,12,11,2,3,223,1
8,VOIP_SPOOFED,0,10,6,1,8,256,1
5,OUTGOING,4,12,14,4,5,87,1
294,INCOMING,18,6,4,2,2,1267,0
178,OUTGOING,21,2,3,1,0,1160,0
122,SMS,17,1,3,1,2,2010,0
10,VOIP_SPOOFED,17,16,10,2,4,93,1
174,INCOMING,12,4,3,1,0,1737,0
215,INCOMING,4,1,2,1,0,2370,0
308,OUTGOING,23,1,1,1,1,1514,0
368,OUTGOING,14,2,4,1,2,1852,0
7,INCOMING,16,11,7,1,7,224,1
12,OUTGOING,21,18,6,6,6,11,1
124,SMS,20,2,1,1,0,1654,0
8,OUTGOING,5,16,7,3,3,253,1
279,OUTGOING,15,3,3,1,0,1977,0
19,SMS,7,12,7,4,2,17,1
229,SMS,6,3,3,1,1,2270,0
136,INCOMING,7,2,1,1,0,1728,0
12,SMS,5,14,13,4,3,247,1
154,INCOMING,19,4,1,3,0,1461,0
132,SMS,18,1,4,1,0,1879,0
216,INCOMING,19,4,2,1,0,630,0
250,SMS,3,1,3,2,0,2172,0
10,VOIP_SPOOFED,2,17,6,4,3,279,1
120,SMS,13,1,4,1,0,2453,0
21,SMS,23,10,8,5,8,305,1
62,OUTGOING,7,2,3,1,0,1148,0
162,INCOMING,1,4,1,1,1,62,0
5,VOIP_SPOOFED,6,18,1,3,2,249,1
1,SMS,2,7,4,3,7,225,1
167,INCOMING,18,2,3,1,1,2012,0
14,SMS,2,17,13,2,4,169,1
6,INCOMING,9,16,6,4,9,95,1
254,OUTGOING,19,4,4,2,0,2442,0
10,INCOMING,7,3,8,2,5,213,1
3,OUTGOING,1,14,7,5,5,393,1
7,VOIP_SPOOFED,3,24,6,1,5,185,1
18,VOIP_SPOOFED,5,19,7,2,5,242,1
216,INCOMING,6,4,2,1,0,2153,0
205,OUTGOING,11,4,2,2,2,1690,0
86,SMS,10,1,2,1,0,1577,0
4,SMS,13,18,8,5,6,335,1
190,INCOMING,19,4,3,1,0,1937,0
237,SMS,16,1,1,2,0,1421,0
144,INCOMING,23,2,1,1,2,2380,0
190,VOIP_SPOOFED,16,1,3,1,0,1124,0
12,OUTGOING,4,10,13,4,1,253,1
7,VOIP_SPOOFED,5,14,7,3,6,308,1
10,OUTGOING,12,19,3,2,4,119,1
7,OUTGOING,2,16,12,6,3,178,1
115,INCOMING,22,2,1,1,2,2168,0
5,OUTGOING,3,11,1,4,5,70,1
5,VOIP_SPOOFED,18,9,13,2,4,167,1
220,OUTGOING,14,4,2,1,0,1717,0
193,OUTGOING,7,3,2,1,1,1685,0
327,OUTGOING,6,3,1,1,2,1797,0
11,VOIP_SPOOFED,1,9,11,3,4,212,1
9,OUTGOING,1,20,7,2,5,169,1
139,OUTGOING,7,1,3,1,1,390,0
247,OUTGOING,10,2,4,1,1,751,0
5,VOIP_SPOOFED,9,16,4,5,9,204,1
7,SMS,21,17,8,3,2,193,1
6,OUTGOING,2,9,7,2,5,320,1
252,SMS,7,4,3,2,0,1548,0
13,SMS,0,14,10,2,2,125,1
6,VOIP_SPOOFED,3,7,7,1,4,73,1
151,INCOMING,5,6,2,1,1,2211,0
6,INCOMING,5,12,6,4,3,163,1
6,VOIP_SPOOFED,10,18,13,2,5,162,1
143,OUTGOING,11,7,2,1,0,3177,0
207,OUTGOING,21,5,2,1,1,1148,0
150,SMS,10,7,2,2,0,2598,0
